,AID,AID Version,AID Revision,Panel Member ID,SID,CID,Bioactivity Outcome,Target GI,Target GeneID,Activity Value [uM],Activity Name,Assay Name,Bioassay Type,PubMed ID,RNAi
0,155,1,1,,118783,67350,Inactive,,,,,NCI Yeast Anticancer Drug Screen. Data for the rad50 strain,Other,,
1,157,1,1,,118783,67350,Inactive,,,,,NCI Yeast Anticancer Drug Screen. Data for the mec2-1 strain,Other,,
2,161,1,1,,118783,67350,Inactive,,,,,NCI Yeast Anticancer Drug Screen. Data for the sgs1 mgt1 strain,Other,,
3,165,1,1,,118783,67350,Inactive,,,,,NCI Yeast Anticancer Drug Screen. Data for the cln2 rad14 strain,Other,,
4,167,1,1,,118783,67350,Inactive,,,,,NCI Yeast Anticancer Drug Screen. Data for the bub3 strain,Other,,
5,175,1,1,,118783,67350,Inactive,,,,,NCI Yeast Anticancer Drug Screen. Data for the mlh1 rad18 strain,Other,,
6,651631,4,1,,144212255,67350,Inconclusive,269849759.0,7157.0,13.6854,Potency-Replicate_1,qHTS assay for small molecule agonists of the p53 signaling pathway,Confirmatory,,
7,651632,4,1,,144212255,67350,Inactive,296439460.0,79915.0,,Potency-Replicate_1,qHTS assay for small molecules that induce genotoxicity in human embryonic kidney cells expressing luciferase-tagged ATAD5,Confirmatory,,
8,651633,4,1,,144212255,67350,Inactive,,,,Potency-Replicate_1,qHTS assay for small molecule agonists of the p53 signaling pathway - cell viability,Confirmatory,,
9,651634,4,1,,144212255,67350,Inactive,,,,Potency-Replicate_1,qHTS assay for small molecules that induce genotoxicity in human embryonic kidney cells expressing luciferase-tagged ATAD5 - cell viability,Confirmatory,,
10,720516,2,1,,144212255,67350,Inactive,296439460.0,79915.0,,ATAD5 Potency (uM),qHTS assay for small molecules that induce genotoxicity in human embryonic kidney cells expressing luciferase-tagged ATAD5: Summary,Summary,,
11,720552,2,1,,144212255,67350,Inactive,269849759.0,7157.0,,Ratio Potency (uM),qHTS assay for small molecule agonists of the p53 signaling pathway: Summary,Summary,,
12,720634,2,1,,144212255,67350,Inconclusive,,,61.1306,Potency-Replicate_1,qHTS assay for small molecule disruptors of the mitochondrial membrane potential - cell viability,Confirmatory,,
13,720635,2,1,,144212255,67350,Active,,,30.6379,Potency-Replicate_1,qHTS assay for small molecule disruptors of the mitochondrial membrane potential,Confirmatory,,
14,720637,2,1,,144212255,67350,Inconclusive,,,43.2771,Ratio Potency (uM),qHTS assay for small molecule disruptors of the mitochondrial membrane potential: Summary,Summary,,
15,720674,2,2,,144212255,67350,Inactive,,,,Potency-Replicate_1,qHTS assay to test for compound auto fluorescence at 590 nm (red) in HepG2 cells,Confirmatory,,
16,720675,2,2,,144212255,67350,Inactive,,,,Potency-Replicate_1,qHTS assay to test for compound auto fluorescence at 535 nm (green) in HepG2 cells,Confirmatory,,
17,720678,2,1,,144212255,67350,Inactive,,,,Potency-Replicate_1,qHTS assay to test for compound auto fluorescence at 460 nm (blue) in HEK293 cells,Confirmatory,,
18,720679,2,1,,144212255,67350,Inactive,,,,Potency-Replicate_1,qHTS assay to test for compound auto fluorescence at 590 nm (red) in HEK293 cells,Confirmatory,,
19,720680,2,1,,144212255,67350,Inactive,,,,Potency-Replicate_1,qHTS assay to test for compound auto fluorescence at 535 nm (green) in HEK293 cells,Confirmatory,,
20,720681,2,1,,144212255,67350,Inactive,,,,Potency-Replicate_1,qHTS assay to test for compound auto fluorescence at 460 nm (blue) in HEK293 cell free culture,Confirmatory,,
21,720682,2,1,,144212255,67350,Inactive,,,,Potency-Replicate_1,qHTS assay to test for compound auto fluorescence at 535 nm (green) in HEK293 cell free culture,Confirmatory,,
22,720683,2,1,,144212255,67350,Inactive,,,,Potency-Replicate_1,qHTS assay to test for compound auto fluorescence at 590 nm (red) in HEK293 cell free culture,Confirmatory,,
23,720684,2,1,,144212255,67350,Inactive,,,,Potency-Replicate_1,qHTS assay to test for compound auto fluorescence at 590 nm (red) in HepG2 cell free culture,Confirmatory,,
24,720685,2,1,,144212255,67350,Inactive,,,,Potency-Replicate_1,qHTS assay to test for compound auto fluorescence at 460 nm (blue) in HepG2 cell free culture,Confirmatory,,
25,720686,2,1,,144212255,67350,Inactive,,,,Potency-Replicate_1,qHTS assay to test for compound auto fluorescence at 535 nm (green) in HepG2 cell free culture,Confirmatory,,
26,720687,2,2,,144212255,67350,Inactive,,,,Potency-Replicate_1,qHTS assay to test for compound auto fluorescence at 460 nm (blue) in HepG2 cells,Confirmatory,,
27,720691,4,1,,144212255,67350,Inactive,311348376.0,2908.0,,Potency-Replicate_1,qHTS assay to identify small molecule agonists of the glucocorticoid receptor (GR) signaling pathway,Confirmatory,,
28,720692,3,1,,144212255,67350,Inactive,311348376.0,2908.0,,Potency-Replicate_1,qHTS assay to identify small molecule antagonists of the glucocorticoid receptor (GR) signaling pathway,Confirmatory,,
29,720693,3,1,,144212255,67350,Inactive,,,,Potency-Replicate_1,qHTS assay to identify small molecule antagonists of the glucocorticoid receptor (GR) signaling pathway - cell viability counter screen,Confirmatory,,
30,720719,2,1,,144212255,67350,Inactive,311348376.0,2908.0,,Ratio Potency (uM),qHTS assay to identify small molecule agonists of the glucocorticoid receptor (GR) signaling pathway: Summary,Summary,,
31,720725,2,1,,144212255,67350,Inactive,311348376.0,2908.0,,,qHTS assay to identify small molecule antagonists of the glucocorticoid receptor (GR) signaling pathway: Summary,Summary,,
32,743012,3,1,,144212255,67350,Inactive,,,,Potency-Replicate_1,qHTS assay for identifying genotoxic compounds that show differential cytotoxicity against isogenic chicken DT40 cell lines with known DNA damage response pathways - wild type cell line,Confirmatory,,
33,743014,3,1,,144212255,67350,Inconclusive,,,13.6854,Potency-Replicate_1,qHTS assay for identifying genotoxic compounds that show differential cytotoxicity against isogenic chicken DT40 cell lines with known DNA damage response pathways - Rev3 mutant cell line,Confirmatory,,
34,743015,3,1,,144212255,67350,Inactive,,,,Potency-Replicate_1,qHTS assay for identifying genotoxic compounds that show differential cytotoxicity against isogenic chicken DT40 cell lines with known DNA damage response pathways - Rad54/Ku70 mutant cell line,Confirmatory,,
35,743033,3,1,,144212255,67350,Inactive,,,,Potency-Replicate_1,qHTS assay to identify small molecule antagonists of the androgen  receptor (AR) signaling pathway - cell viability counter screen,Confirmatory,,
36,743035,2,1,,144212255,67350,Inactive,124375976.0,367.0,,Potency-Replicate_1,qHTS assay to identify small molecule antagonists of the androgen receptor (AR) signaling pathway,Confirmatory,,
37,743036,2,1,,144212255,67350,Inactive,124375976.0,367.0,,Potency-Replicate_1,qHTS assay to identify small molecule agonists of the androgen receptor (AR) signaling pathway,Confirmatory,,
38,743040,3,1,,144212255,67350,Inactive,124375976.0,367.0,,Potency-Replicate_1,qHTS assay to identify small molecule agonists of the androgen  receptor (AR) signaling pathway using the MDA cell line,Confirmatory,,
39,743041,3,1,,144212255,67350,Inactive,,,,Potency-Replicate_1,qHTS assay to identify small molecule antagonists of the androgen  receptor (AR) signaling pathway using the MDA cell line - cell viability counter screen,Confirmatory,,
40,743042,3,1,,144212255,67350,Inactive,124375976.0,367.0,,Potency-Replicate_1,qHTS assay to identify small molecule antagonists of the androgen  receptor (AR) signaling pathway using the MDA cell line,Confirmatory,,
41,743053,2,1,,144212255,67350,Inactive,124375976.0,367.0,,Ratio Potency (uM),qHTS assay to identify small molecule agonists of the androgen receptor (AR) signaling pathway: Summary,Summary,,
42,743054,2,1,,144212255,67350,Inactive,124375976.0,367.0,,AR Potency (uM),qHTS assay to identify small molecule antagonists of the androgen receptor (AR) signaling pathway using the MDA cell line: Summary,Summary,,
43,743063,2,1,,144212255,67350,Inactive,124375976.0,367.0,,Ratio Potency (uM),qHTS assay to identify small molecule antagonists of the androgen receptor (AR) signaling pathway: Summary,Summary,,
44,743064,3,1,,144212255,67350,Inconclusive,,,68.5896,Potency-Replicate_1,qHTS assay to identify small molecule antagonists of the thyroid receptor (TR) signaling pathway - cell viability counter screen,Confirmatory,,
45,743065,3,1,,144212255,67350,Inconclusive,399498506.0,24831.0,76.9588,Potency-Replicate_1,qHTS assay to identify small molecule antagonists of the thyroid receptor (TR) signaling pathway,Confirmatory,,
46,743066,3,1,,144212255,67350,Inconclusive,399498506.0,24831.0,43.2771,Potency-Replicate_1,qHTS assay to identify small molecule agonists of the thyroid receptor (TR) signaling pathway,Confirmatory,,
47,743067,2,1,,144212255,67350,Inconclusive,399498506.0,24831.0,71.273,TR Potency (uM),qHTS assay to identify small molecule antagonists of the thyroid receptor (TR) signaling pathway: Summary,Summary,,
48,743069,2,1,,144212255,67350,Inactive,348019627.0,2099.0,,Potency-Replicate_1,qHTS assay to identify small molecule antagonists of the estrogen receptor alpha (ER-alpha) signaling pathway,Confirmatory,,
49,743074,2,1,,144212255,67350,Inconclusive,,,2.1872,Potency-Replicate_1,qHTS assay to identify small molecule antagonists of the estrogen receptor alpha (ER-alpha) signaling pathway - cell viability counter screen,Confirmatory,,
50,743075,2,1,,144212255,67350,Inactive,348019627.0,2099.0,,Potency-Replicate_1,qHTS assay to identify small molecule agonists of the estrogen receptor alpha (ER-alpha) signaling pathway,Confirmatory,,
51,743077,2,1,,144212255,67350,Inactive,348019627.0,2099.0,,Ratio Potency (uM),qHTS assay to identify small molecule agonists of the estrogen receptor alpha (ER-alpha) signaling pathway: Summary,Summary,,
52,743078,2,1,,144212255,67350,Inactive,348019627.0,2099.0,,Ratio Potency (uM),qHTS assay to identify small molecule antagonists of the estrogen receptor alpha (ER-alpha) signaling pathway: Summary,Summary,,
53,743079,3,1,,144212255,67350,Inactive,348019627.0,2099.0,,Potency-Replicate_1,qHTS assay to identify small molecule agonists of the estrogen receptor alpha (ER-alpha) signaling pathway using the BG1 cell line,Confirmatory,,
54,743080,3,1,,144212255,67350,Inactive,348019627.0,2099.0,,Potency-Replicate_1,qHTS assay to identify small molecule antagonists of the estrogen receptor alpha (ER-alpha) signaling pathway using the BG1 cell line,Confirmatory,,
55,743081,3,1,,144212255,67350,Inactive,,,,Potency-Replicate_1,qHTS assay to identify small molecule antagonists of the estrogen receptor alpha (ER-alpha) signaling pathway using the BG1 cell line - cell viability counter screen,Confirmatory,,
56,743083,3,1,,144212255,67350,Inconclusive,119597822.0,1588.0,30.6379,Potency-Replicate_1,qHTS assay to identify aromatase inhibitors,Confirmatory,,
57,743084,3,1,,144212255,67350,Inactive,,,,Potency-Replicate_1,qHTS assay to identify aromatase inhibitors - cell viability counter screen,Confirmatory,,
58,743085,3,1,,144212255,67350,Inactive,51095037.0,196.0,,Potency-Replicate_1,qHTS assay to identify small molecule that activate the aryl hydrocarbon receptor (AhR) signaling pathway,Confirmatory,,
59,743086,3,1,,144212255,67350,Inactive,,,,Potency-Replicate_1,qHTS assay to identify small molecule that activate the aryl hydrocarbon receptor (AhR) signaling pathway - cell viability counter screen,Confirmatory,,
60,743091,2,1,,144212255,67350,Inactive,348019627.0,2099.0,,ER Potency (uM),qHTS assay to identify small molecule antagonists of the estrogen receptor alpha (ER-alpha) signaling pathway using the BG1 cell line: Summary,Summary,,
61,743094,3,1,,144212255,67350,Inactive,216409692.0,5468.0,,Potency-Replicate_1,qHTS assay to identify small molecule agonists of the peroxisome proliferator-activated receptor gamma (PPARg) signaling pathway,Confirmatory,,
62,743122,2,1,,144212255,67350,Inactive,51095037.0,196.0,,AhR Potency (uM),qHTS assay to identify small molecule that activate the aryl hydrocarbon receptor (AhR) signaling pathway: Summary,Summary,,
63,743139,2,1,,144212255,67350,Inconclusive,119597822.0,1588.0,,,qHTS assay to identify aromatase inhibitors: Summary,Summary,,
64,743140,2,1,,144212255,67350,Inactive,216409692.0,5468.0,,Ratio Potency (uM),qHTS assay to identify small molecule agonists of the peroxisome proliferator-activated receptor gamma (PPARg) signaling pathway: Summary,Summary,,
65,743191,3,1,,144212255,67350,Inconclusive,216409692.0,5468.0,,Potency-Replicate_1,qHTS assay to identify small molecule antagonists of the peroxisome proliferator-activated receptor gamma (PPARg) signaling pathway,Confirmatory,,
66,743194,3,1,,144212255,67350,Inconclusive,,,48.9662,Potency-Replicate_1,qHTS assay to identify small molecule antagonists of the peroxisome proliferator-activated receptor gamma (PPARg) signaling pathway - cell viability counter screen,Confirmatory,,
67,743199,2,1,,144212255,67350,Inconclusive,216409692.0,5468.0,,,qHTS assay to identify small molecule antagonists of the peroxisome proliferator-activated receptor gamma (PPARg) signaling pathway: Summary,Summary,,
68,743202,4,1,,144212255,67350,Inactive,20149576.0,4780.0,,Potency-Replicate_1,qHTS assay for small molecule agonists of the antioxidant response element (ARE) signaling pathway,Confirmatory,,
69,743203,3,1,,144212255,67350,Inactive,,,,Potency-Replicate_1,qHTS assay for small molecule agonists of the antioxidant response element (ARE) signaling pathway - cell viability counter screen,Confirmatory,,
70,743209,3,1,,144212255,67350,Inactive,,,,Potency-Replicate_1,qHTS assay for small molecule activators of the heat shock response signaling pathway - cell viability counter screen,Confirmatory,,
71,743210,4,1,,144212255,67350,Inactive,4504517.0,3315.0,,Potency-Replicate_1,qHTS assay for small molecule activators of the heat shock response signaling pathway,Confirmatory,,
72,743211,3,1,,144212255,67350,Inconclusive,,,61.6448,Potency-Replicate_1,qHTS assay to identify small molecule agonists of the peroxisome proliferator-activated receptor delta (PPARd) signaling pathway - cell viability counter screen,Confirmatory,,
73,743212,3,1,,144212255,67350,Inactive,216409690.0,5467.0,,Potency-Replicate_1,qHTS assay to identify small molecule agonists of the peroxisome proliferator-activated receptor delta (PPARd) signaling pathway,Confirmatory,,
74,743213,3,1,,144212255,67350,Inactive,,,,Potency-Replicate_1,qHTS assay to identify small molecule antagonists of the peroxisome proliferator-activated receptor delta (PPARd) signaling pathway - cell viability counter screen,Confirmatory,,
75,743215,3,1,,144212255,67350,Inactive,216409690.0,5467.0,,Potency-Replicate_1,qHTS assay to identify small molecule antagonists of the peroxisome proliferator-activated receptor delta (PPARd) signaling pathway,Confirmatory,,
76,743217,3,1,,144212255,67350,Inactive,325495553.0,9971.0,,Potency-Replicate_1,qHTS assay to identify small molecule antagonists of the farnesoid-X-receptor (FXR) signaling pathway,Confirmatory,,
77,743218,3,1,,144212255,67350,Inactive,,,,Potency-Replicate_1,qHTS assay to identify small molecule agonists of the farnesoid-X-receptor (FXR) signaling pathway - cell viability counter screen,Confirmatory,,
78,743219,3,1,,144212255,67350,Inactive,20149576.0,4780.0,,Ratio Potency (uM),qHTS assay for small molecule agonists of the antioxidant response element (ARE) signaling pathway: Summary,Summary,,
79,743220,3,1,,144212255,67350,Inactive,325495553.0,9971.0,,Potency-Replicate_1,qHTS assay to identify small molecule agonists of the farnesoid-X-receptor (FXR) signaling pathway,Confirmatory,,
80,743221,3,1,,144212255,67350,Inactive,,,,Potency-Replicate_1,qHTS assay to identify small molecule antagonists of the farnesoid-X-receptor (FXR) signaling pathway - cell viability counter screen,Confirmatory,,
81,743222,3,1,,144212255,67350,Inactive,216409708.0,7421.0,,Potency-Replicate_1,qHTS assay to identify small molecule agonists of the vitamin D receptor (VDR) signaling pathway,Confirmatory,,
82,743223,3,1,,144212255,67350,Inactive,216409708.0,7421.0,,Potency-Replicate_1,qHTS assay to identify small molecule antagonists of the vitamin D receptor (VDR) signaling pathway,Confirmatory,,
83,743224,3,1,,144212255,67350,Inconclusive,,,61.6448,Potency-Replicate_1,qHTS assay to identify small molecule agonists of the vitamin D receptor (VDR) signaling pathway - cell viability counter screen,Confirmatory,,
84,743225,3,1,,144212255,67350,Inconclusive,,,54.941,Potency-Replicate_1,qHTS assay to identify small molecule antagonists of the vitamin D receptor (VDR) signaling pathway - cell viability counter screen,Confirmatory,,
85,743226,2,1,,144212255,67350,Inactive,216409690.0,5467.0,,,qHTS assay to identify small molecule antagonists of the peroxisome proliferator-activated receptor delta (PPARd) signaling pathway: Summary,Summary,,
86,743227,2,1,,144212255,67350,Inactive,216409690.0,5467.0,,Ratio Potency (uM),qHTS assay to identify small molecule agonists of the peroxisome proliferator-activated receptor delta (PPARd) signaling pathway: Summary,Summary,,
87,743228,3,1,,144212255,67350,Inactive,4504517.0,3315.0,,Ratio Potency (uM),qHTS assay for small molecule activators of the heat shock response signaling pathway: Summary,Summary,,
88,743239,2,1,,144212255,67350,Inactive,325495553.0,9971.0,,Ratio Potency (uM),qHTS assay to identify small molecule agonists of the farnesoid-X-receptor (FXR) signaling pathway: Summary,Summary,,
89,743240,2,1,,144212255,67350,Inactive,325495553.0,9971.0,,,qHTS assay to identify small molecule antagonists of the farnesoid-X-receptor (FXR) signaling pathway: Summary,Summary,,
90,743241,2,1,,144212255,67350,Inactive,216409708.0,7421.0,,Ratio Potency (uM),qHTS assay to identify small molecule agonists of the vitamin D receptor (VDR) signaling pathway: Summary,Summary,,
91,743242,2,1,,144212255,67350,Inactive,216409708.0,7421.0,,,qHTS assay to identify small molecule antagonists of the vitamin D receptor (VDR) signaling pathway: Summary,Summary,,
92,1159509,1,1,,144212255,67350,Inactive,119626539.0,4790.0,,Potency-Replicate_1,qHTS assay to identify small molecule agonists of the NFkB signaling pathway,Confirmatory,,
93,1159515,1,1,,144212255,67350,Inactive,,,,Potency-Replicate_1,qHTS assay to identify small molecule agonists of the NFkB signaling pathway - cell viability counter screen,Confirmatory,,
94,1159516,1,1,,144212255,67350,Inactive,119611100.0,22926.0,,Potency-Replicate_1,qHTS assay to identify small molecule agonists of the endoplasmic reticulum stress response signaling pathway,Confirmatory,,
95,1159517,1,1,,144212255,67350,Inconclusive,,,43.6412,Potency-Replicate_1,qHTS assay to identify small molecule agonists of the endoplasmic reticulum stress response signaling pathway - cell viability counter screen,Confirmatory,,
96,1159518,1,1,,144212255,67350,Inactive,119626539.0,4790.0,,Ratio Potency (uM),qHTS assay to identify small molecule agonists of the NFkB signaling pathway: Summary,Summary,,
97,1159519,1,1,,144212255,67350,Inactive,119611100.0,22926.0,,Ratio Potency (uM),qHTS assay to identify small molecule agonists of the endoplasmic reticulum stress response signaling pathway: Summary,Summary,,
98,1159520,1,1,,144212255,67350,Inactive,,,,Potency-Replicate_1,qHTS assay to identify small molecule antagonists of the retinoid-related orphan receptor gamma (ROR-gamma) signaling pathway - cell viability counter screen,Confirmatory,,
99,1159521,1,1,,144212255,67350,Inactive,15928672.0,19885.0,,Potency-Replicate_1,qHTS assay to identify small molecule antagonists of the retinoid-related orphan receptor gamma (ROR-gamma) signaling pathway,Confirmatory,,
100,1159523,1,1,,144212255,67350,Inactive,15928672.0,19885.0,,Antagonist Potency (uM),qHTS assay to identify small molecule antagonists of the retinoid-related orphan receptor gamma (ROR-gamma) signaling pathway: Summary,Summary,,
101,1159525,1,1,,144212255,67350,Inactive,,,,Potency-Replicate_1,qHTS assay to identify small molecule agonists of the AP-1 signaling pathway - cell viability counter screen,Confirmatory,,
102,1159526,1,1,,144212255,67350,Inactive,119627033.0,3725.0,,Potency-Replicate_1,qHTS assay to identify small molecule agonists of the AP-1 signaling pathway,Confirmatory,,
103,1159527,1,1,,144212255,67350,Inconclusive,325495497.0,6256.0,6.1645,Potency-Replicate_1,qHTS assay to identify small molecule agonists of the RXR signaling pathway,Confirmatory,,
104,1159528,1,1,,144212255,67350,Inactive,119627033.0,3725.0,,Ratio Potency (uM),qHTS assay to identify small molecule agonists of the AP-1 signaling pathway: Summary,Summary,,
105,1159529,1,1,,144212255,67350,Active,,,43.6412,Potency-Replicate_1,qHTS assay to identify small molecule agonists of the RXR signaling pathway - cell viability counter screen,Confirmatory,,
106,1159531,1,1,,144212255,67350,Active,325495497.0,6256.0,18.7599,Ratio Potency (uM),qHTS assay to identify small molecule agonists of the RXR signaling pathway: Summary,Summary,,
107,1159551,1,1,,144212255,67350,Inactive,,,,Potency-Replicate_1,qHTS assay to identify small molecule antagonists of the retinoid acid receptor (RAR) signaling pathway - cell viability counter screen,Confirmatory,,
108,1159552,1,1,,144212255,67350,Inactive,325495463.0,5914.0,,Potency-Replicate_1,qHTS assay to identify small molecule antagonists of the retinoic acid receptor (RAR) signaling pathway,Confirmatory,,
109,1159553,2,1,,144212255,67350,Inactive,325495463.0,5914.0,,Potency-Replicate_1,qHTS assay to identify small molecule agonists of the retinoic acid receptor (RAR) signaling pathway,Confirmatory,,
110,1159555,1,1,,144212255,67350,Inactive,325495463.0,5914.0,,Antagonist Potency (uM),qHTS assay to identify small molecule antagonists of the retinoic acid receptor (RAR) signaling pathway: Summary,Summary,,
111,1224834,3,1,,144212255,67350,Inactive,,,,Potency-Replicate_1,qHTS assay to identify small molecule antagonists of the estrogen related receptor (ERR) signaling pathway from Tox21 library - cell viability counter screen,Confirmatory,,
112,1224835,1,1,,144212255,67350,Inactive,160794.0,,,Potency-Replicate_1,qHTS assay to identify small molecule inhibitors of firefly luciferase,Confirmatory,,
113,1224836,1,1,,144212255,67350,Inactive,,,,Potency-Replicate_1,qHTS assay to identify small molecule agonists of the constitutive androstane receptor (CAR) signaling pathway - cell viability counter screen,Confirmatory,,
114,1224837,1,1,,144212255,67350,Inactive,,,,Potency-Replicate_1,qHTS assay to identify small molecule antagonists of the constitutive androstane receptor (CAR) signaling pathway - cell viability counter screen,Confirmatory,,
115,1224838,1,1,,144212255,67350,Inactive,66775687.0,9970.0,9.6885,Potency-Replicate_1,qHTS assay to identify small molecule antagonists of the constitutive androstane receptor (CAR) signaling pathway,Confirmatory,,
116,1224839,1,1,,144212255,67350,Active,66775687.0,9970.0,27.305999999999997,Potency-Replicate_1,qHTS assay to identify small molecule agonists of the constitutive androstane receptor (CAR) signaling pathway,Confirmatory,,
117,1224840,3,1,,144212255,67350,Inactive,,,,Potency-Replicate_1,qHTS assay to identify small molecule antagonists of the estrogen related receptor signaling pathway with the pleiotropic PPARgamma coactivator (PGC) from Tox21 10K library - cell viability counter screen,Confirmatory,,
118,1224841,3,1,,144212255,67350,Inactive,325495545.0,2101.0,,Potency-Replicate_1,qHTS assay to identify small molecule antagonists of the estrogen related receptor signaling pathway with the pleiotropic PPARgamma coactivator (PGC) from Tox21 10K library,Confirmatory,,
119,1224842,3,1,,144212255,67350,Inactive,325495545.0,2101.0,,Potency-Replicate_1,qHTS assay to identify small molecule agonists of the estrogen related receptor signaling pathway with the pleiotropic PPARgamma coactivator (PGC) from Tox21 10K library,Confirmatory,,
120,1224843,1,1,,144212255,67350,Inconclusive,119601739.0,7253.0,61.1306,Potency-Replicate_1,qHTS assay to identify small molecule agonists of the thyroid stimulating hormone receptor (TSHR) signaling pathway,Confirmatory,,
121,1224844,1,1,,144212255,67350,Inactive,,,,Potency-Replicate_1,qHTS assay to identify small molecule agonists of the hypoxia (HIF-1) signaling pathway - cell viability counter screen,Confirmatory,,
122,1224845,1,1,,144212255,67350,Inactive,344243002.0,100757539.0,,Potency-Replicate_1,qHTS assay to identify small molecule agonists of H2AX,Confirmatory,,
123,1224846,1,1,,144212255,67350,Inactive,11995455.0,3091.0,,Potency-Replicate_1,qHTS assay to identify small molecule agonists of the hypoxia (HIF-1) signaling pathway,Confirmatory,,
124,1224847,1,1,,144212255,67350,Inconclusive,,,126.79299999999999,Potency-Replicate_1,qHTS assay to identify small molecule agonists of H2AX - cell viability counter screen,Confirmatory,,
125,1224848,3,1,,144212255,67350,Inactive,325495545.0,2101.0,,Potency-Replicate_1,qHTS assay to identify small molecule antagonists of the estrogen related receptor (ERR) signaling pathway from Tox21 library,Confirmatory,,
126,1224849,3,1,,144212255,67350,Inactive,325495545.0,2101.0,,Potency-Replicate_1,qHTS assay to identify small molecule agonists of the estrogen related receptor (ERR) signaling pathway from Tox21 library,Confirmatory,,
127,1224867,1,1,,144212255,67350,Inactive,,,,Potency-Replicate_1,qHTS RealTime-Glo MT Cell Viability Assay in HepG2 cells - 24 hour,Confirmatory,,
128,1224868,1,1,,144212255,67350,Inactive,,,,Potency-Replicate_1,qHTS RealTime-Glo MT Cell Viability Assay in HEK293 cells - 32 hour,Confirmatory,,
129,1224869,1,1,,144212255,67350,Inactive,,,,Potency-Replicate_1,A CellTox Green Cytotoxicity Assay to monitor cytotoxicity in HEK293 cells - 0 hour,Confirmatory,,
130,1224870,1,1,,144212255,67350,Inactive,,,,Potency-Replicate_1,qHTS RealTime-Glo MT Cell Viability Assay in HepG2 cells - 40 hour,Confirmatory,,
131,1224871,1,1,,144212255,67350,Inactive,,,,Potency-Replicate_1,A CellTox Green Cytotoxicity Assay to monitor cytotoxicity in HEK293 cells - 40 hour,Confirmatory,,
132,1224872,1,1,,144212255,67350,Inactive,,,,Potency-Replicate_1,qHTS RealTime-Glo MT Cell Viability Assay in HEK293 cells - 16 hour,Confirmatory,,
133,1224873,1,1,,144212255,67350,Inactive,,,,Potency-Replicate_1,qHTS RealTime-Glo MT Cell Viability Assay in HepG2 cells - 8 hour,Confirmatory,,
134,1224874,1,1,,144212255,67350,Inactive,,,,Potency-Replicate_1,qHTS RealTime-Glo MT Cell Viability Assay in HEK293 cells - 40 hour,Confirmatory,,
135,1224875,1,1,,144212255,67350,Inactive,,,,Potency-Replicate_1,A CellTox Green Cytotoxicity Assay to monitor cytotoxicity in HEK293 cells - 24 hour,Confirmatory,,
136,1224876,1,1,,144212255,67350,Inactive,,,,Potency-Replicate_1,A CellTox Green Cytotoxicity Assay to monitor cytotoxicity in HepG2 cells - 16 hour,Confirmatory,,
137,1224877,1,1,,144212255,67350,Inactive,,,,Potency-Replicate_1,qHTS RealTime-Glo MT Cell Viability Assay in HepG2 cells - 32 hour,Confirmatory,,
138,1224878,1,1,,144212255,67350,Inactive,,,,Potency-Replicate_1,A CellTox Green Cytotoxicity Assay to monitor cytotoxicity in HepG2 cells - 24 hour,Confirmatory,,
139,1224879,1,1,,144212255,67350,Inactive,,,,Potency-Replicate_1,A CellTox Green Cytotoxicity Assay to monitor cytotoxicity in HepG2 cells - 40 hour,Confirmatory,,
140,1224880,1,1,,144212255,67350,Inactive,,,,Potency-Replicate_1,qHTS RealTime-Glo MT Cell Viability Assay in HEK293 cells - 0 hour,Confirmatory,,
141,1224881,1,1,,144212255,67350,Inactive,,,,Potency-Replicate_1,A CellTox Green Cytotoxicity Assay to monitor cytotoxicity in HEK293 cells - 32 hour,Confirmatory,,
142,1224882,1,1,,144212255,67350,Inactive,,,,Potency-Replicate_1,A CellTox Green Cytotoxicity Assay to monitor cytotoxicity in HepG2 cells - 0 hour,Confirmatory,,
143,1224883,1,1,,144212255,67350,Inactive,,,,Potency-Replicate_1,A CellTox Green Cytotoxicity Assay to monitor cytotoxicity in HepG2 cells - 32 hour,Confirmatory,,
144,1224884,1,1,,144212255,67350,Inactive,,,,Potency-Replicate_1,A CellTox Green Cytotoxicity Assay to monitor cytotoxicity in HEK293 cells - 8 hour,Confirmatory,,
145,1224885,1,1,,144212255,67350,Inactive,,,,Potency-Replicate_1,qHTS RealTime-Glo MT Cell Viability Assay in HepG2 cells - 16 hour,Confirmatory,,
146,1224886,1,1,,144212255,67350,Inactive,,,,Potency-Replicate_1,qHTS RealTime-Glo MT Cell Viability Assay in HEK293 cells - 24 hour,Confirmatory,,
147,1224887,1,1,,144212255,67350,Inactive,,,,Potency-Replicate_1,qHTS RealTime-Glo MT Cell Viability Assay in HEK293 cells - 8 hour,Confirmatory,,
148,1224888,1,1,,144212255,67350,Inactive,,,,Potency-Replicate_1,A CellTox Green Cytotoxicity Assay to monitor cytotoxicity in HEK293 cells - 16 hour,Confirmatory,,
149,1224889,1,1,,144212255,67350,Inactive,,,,Potency-Replicate_1,qHTS RealTime-Glo MT Cell Viability Assay in HepG2 cells - 0 hour,Confirmatory,,
150,1224890,1,1,,144212255,67350,Inactive,,,,Potency-Replicate_1,A CellTox Green Cytotoxicity Assay to monitor cytotoxicity in HepG2 cells - 8 hour,Confirmatory,,
151,1224892,1,1,,144212255,67350,Active,66775687.0,9970.0,,,qHTS assay to identify small molecule agonists of the constitutive androstane receptor (CAR) signaling pathway: Summary,Summary,,
152,1224893,1,1,,144212255,67350,Inconclusive,66775687.0,9970.0,12.6743,Antagonist Potency (uM),qHTS assay to identify small molecule antagonists of the constitutive androstane receptor (CAR) signaling pathway: Summary,Summary,,
153,1224894,1,1,,144212255,67350,Inactive,11995455.0,3091.0,,Ratio Potency (uM),qHTS assay to identify small molecule agonists of the hypoxia (HIF-1) signaling pathway: Summary,Summary,,
154,1224895,1,1,,144212255,67350,Inconclusive,119601739.0,7253.0,54.4827,Ratio Potency (uM),qHTS assay to identify small molecule agonists of the thyroid stimulating hormone receptor (TSHR) signaling pathway: Summary,Summary,,
155,1224896,1,1,,144212255,67350,Inactive,344243002.0,100757539.0,,Ratio Potency (uM),qHTS assay to identify small molecule agonists of H2AX: Summary,Summary,,
156,1259241,1,1,,144212255,67350,Inactive,,,,Potency-Replicate_1,qHTS assay to identify small molecule antagonists of the estrogen receptor alpha (ER-alpha) signaling pathway using the BG1 cell line in the presence of 0.1 nM 17-beta-estradiol - cell viability counter screen,Confirmatory,,
157,1259242,1,1,,144212255,67350,Inactive,,,,Potency-Replicate_1,qHTS assay to identify small molecule antagonists of the androgen receptor (AR) signaling pathway using the MDA cell line in the presence of 0.5 nM R1881 - cell viability counter screen,Confirmatory,,
158,1259243,1,1,,144212255,67350,Inactive,124375976.0,367.0,,Potency-Replicate_1,qHTS assay to identify small molecule antagonists of the androgen receptor (AR) signaling pathway using the MDA cell line in the presence of 0.5 nM R1881,Confirmatory,,
159,1259244,1,1,,144212255,67350,Inactive,348019627.0,2099.0,,Potency-Replicate_1,qHTS assay to identify small molecule antagonists of the estrogen receptor alpha (ER-alpha) signaling pathway using the BG1 cell line in the presence of 0.1 nM 17-beta-estradiol,Confirmatory,,
160,1259247,1,1,,144212255,67350,Inactive,124375976.0,367.0,,Antagonist Potency (uM),qHTS assay to identify small molecule antagonists of the androgen receptor (AR) signaling pathway using the MDA cell line in the presence of 0.5 nM R1881: Summary,Summary,,
161,1259248,1,1,,144212255,67350,Inactive,348019627.0,2099.0,,Antagonist Potency (uM),qHTS assay to identify small molecule antagonists of the estrogen receptor alpha (ER-alpha) signaling pathway using the BG1 cell line in the presence of 0.1 nM 17-beta-estradiol: Summary,Summary,,
162,1259364,1,1,,144212255,67350,Inactive,1013403374.0,9734.0,,Potency-Replicate_1,qHTS assay to identify small molecule HDAC inhibitors,Confirmatory,,
163,1259365,1,1,,144212255,67350,Inactive,,,,Potency-Replicate_1,qHTS assay to identify small molecule HDAC inhibitors - cell viability counter screen,Confirmatory,,
164,1259366,1,1,,144212255,67350,Inactive,,,,Potency-Replicate_1,qHTS assay to identify small molecule agonists of the sonic hedgehog signaling (Shh) pathway - cell viability counter screen,Confirmatory,,
165,1259367,1,1,,144212255,67350,Inactive,,,,Potency-Replicate_1,qHTS assay to identify small molecule antagonists of the sonic hedgehog signaling (Shh) pathway - cell viability counter screen,Confirmatory,,
166,1259368,1,1,,144212255,67350,Inactive,109731339.0,2737.0,,Potency-Replicate_1,qHTS assay to identify small molecule agonists of the sonic hedgehog signaling (Shh) pathway,Confirmatory,,
167,1259369,1,1,,144212255,67350,Inactive,109731339.0,2737.0,,Potency-Replicate_1,qHTS assay to identify small molecule antagonists of the sonic hedgehog signaling (Shh) pathway,Confirmatory,,
168,1259377,1,1,,144212255,67350,Inactive,54288833.0,2100.0,,Potency-Replicate_1,qHTS assay to identify small molecule agonists of the estrogen receptor beta (ER-beta) signaling pathway,Confirmatory,,
169,1259378,1,1,,144212255,67350,Inconclusive,54288833.0,2100.0,61.1306,Potency-Replicate_1,qHTS assay to identify small molecule antagonists of the estrogen receptor beta (ER-beta) signaling pathway,Confirmatory,,
170,1259379,1,1,,144212255,67350,Inactive,,,,Potency-Replicate_1,qHTS assay to identify small molecule agonists of the androgen receptor (AR) signaling pathway in the presence of an antagonist - cell viability counter screen,Confirmatory,,
171,1259380,1,1,,144212255,67350,Inactive,,,,Potency-Replicate_1,qHTS assay to identify small molecule agonists of the estrogen receptor beta (ER-beta) signaling pathway - cell viability counter screen,Confirmatory,,
172,1259381,1,1,,144212255,67350,Inactive,124375976.0,367.0,,Potency-Replicate_1,qHTS assay to identify small molecule agonists of the androgen receptor (AR) signaling pathway in the presence of an antagonist,Confirmatory,,
173,1259382,1,1,,144212255,67350,Inactive,,,,Potency-Replicate_1,qHTS assay to identify small molecule antagonists of the estrogen receptor beta (ER-beta) signaling pathway - cell viability counter screen,Confirmatory,,
174,1259383,1,1,,144212255,67350,Inactive,348019627.0,2099.0,,Potency-Replicate_1,qHTS assay to identify small molecule agonists of the estrogen receptor alpha (ER-alpha) signaling pathway in the presence of an antagonist,Confirmatory,,
175,1259384,1,1,,144212255,67350,Inactive,,,,Potency-Replicate_1,qHTS assay to identify small molecule agonists or antagonists of the thyroid stimulating hormone receptor (TSHR) signaling pathway - wild type cell line counter screen,Confirmatory,,
176,1259385,1,1,,144212255,67350,Inactive,119601739.0,7253.0,,Potency-Replicate_1,qHTS assay to identify small molecule antagonists of the thyroid stimulating hormone receptor (TSHR) signaling pathway,Confirmatory,,
177,1259386,1,1,,144212255,67350,Inactive,,,,Potency-Replicate_1,qHTS assay to identify small molecule agonists of the estrogen receptor alpha (ER-alpha) signaling pathway in the presence of an antagonist - cell viability counter screen,Confirmatory,,
178,1259387,1,1,,144212255,67350,Inactive,124375976.0,367.0,,,qHTS assay to identify small molecule agonists of the androgen receptor (AR) signaling pathway in the presence of an antagonist: Summary,Summary,,
179,1259388,1,1,,144212255,67350,Inactive,1013403374.0,9734.0,,Antagonist Potency (uM),qHTS assay to identify small molecule HDAC inhibitors: Summary,Summary,,
180,1259390,1,1,,144212255,67350,Inactive,109731339.0,2737.0,,,qHTS assay to identify small molecule agonists of the sonic hedgehog signaling (Shh) pathway: Summary,Summary,,
181,1259391,1,1,,144212255,67350,Inactive,348019627.0,2099.0,,,qHTS assay to identify small molecule agonists of the estrogen receptor alpha (ER-alpha) signaling pathway in the presence of an antagonist: Summary,Summary,,
182,1259392,1,1,,144212255,67350,Inactive,109731339.0,2737.0,,Antagonist Potency (uM),qHTS assay to identify small molecule antagonists of the sonic hedgehog signaling (Shh) pathway: Summary,Summary,,
183,1259393,1,1,,144212255,67350,Inactive,119601739.0,7253.0,,Ratio Potency (uM),qHTS assay to identify small molecule agonists or antagonists of the thyroid stimulating hormone receptor (TSHR) signaling pathway - wild type cell line counter screen: Summary,Summary,,
184,1259394,1,1,,144212255,67350,Inactive,54288833.0,2100.0,,Ratio Potency (uM),qHTS assay to identify small molecule agonists of the estrogen receptor beta (ER-beta) signaling pathway: Summary,Summary,,
185,1259395,1,1,,144212255,67350,Inactive,119601739.0,7253.0,,Ratio Potency (uM),qHTS assay to identify small molecule antagonists of the thyroid stimulating hormone receptor (TSHR) signaling pathway: Summary,Summary,,
186,1259396,1,1,,144212255,67350,Inconclusive,54288833.0,2100.0,,,qHTS assay to identify small molecule antagonists of the estrogen receptor beta (ER-beta) signaling pathway: Summary,Summary,,
187,1259401,1,1,,144212255,67350,Inactive,325495545.0,2101.0,,Antagonist Potency (uM),qHTS assay to identify small molecule antagonists of the estrogen related receptor signaling pathway with the pleiotropic PPARgamma coactivator (PGC) from Tox21 10K library: Summary,Summary,,
188,1259402,1,1,,144212255,67350,Inactive,325495545.0,2101.0,,,qHTS assay to identify small molecule agonists of the estrogen related receptor signaling pathway with the pleiotropic PPARgamma coactivator (PGC) from Tox21 10K library: Summary,Summary,,
189,1259403,1,1,,144212255,67350,Inactive,325495545.0,2101.0,,Antagonist Potency (uM),qHTS assay to identify small molecule antagonists of the estrogen related receptor (ERR) signaling pathway from Tox21 library: Summary,Summary,,
190,1259404,1,1,,144212255,67350,Inactive,325495545.0,2101.0,,,qHTS assay to identify small molecule agonists of the estrogen related receptor (ERR) signaling pathway from Tox21 library: Summary,Summary,,
191,1259407,1,1,,363905573,67350,Inactive,,,,,CCRIS mutagenicity studies,Other,,
